Iter1,Iter2,Iter3,Iter4,Iter5
0.022840210664172744,0.042890772804699995,0.05875768843654028,0.07014784750387992,0.07755982221941882
0.030332752968853516,0.06501093816171677,0.09756817614093338,0.12243490069333796,0.13783952674717037
0.006122478468404302,0.01237655879481292,0.01687702040189898,0.019238689672526954,0.020127093887545855
0.04870053295283683,0.07392119109533202,0.08894638963649559,0.09905056387118871,0.1066446670770651
0.006450408378454453,0.016417934840990633,0.028511558189145858,0.039325205313856415,0.045895796817976175
0.023669290911679575,0.03894548884900495,0.051076074311745545,0.06266240944294121,0.07570066165838008
0.016192556340030584,0.036358985348225126,0.05207657700887214,0.06009288114257605,0.06273857745869404
-0.003343152539001304,-0.006337996220144637,-0.009096463206472394,-0.011703714151406364,-0.014228355407530868
0.010998797174588515,0.01783692488322519,0.02360365721519264,0.030013854634772796,0.039120157932082456
0.027260624185449722,0.04691594247540842,0.06353808635949965,0.07982335235002502,0.09803346927703926
0.08876433710840126,0.14121822721552058,0.17135839147538812,0.18762663842555094,0.19567526943943514
-0.01111639449632329,-0.019595977502592343,-0.026060571353700546,-0.030900028370439148,-0.03439669676785595
0.02419970814573813,0.04354150105943988,0.05805778993066535,0.06832162981928402,0.07515272022036812
-0.0007325449706336862,-0.001577082561099008,-0.0022654725548840737,-0.002680684756966145,-0.002864608589345008
0.02578997910991121,0.051136696835429096,0.07141890550068086,0.08490983346128611,0.0923920383070771
0.04424202311957992,0.0795426898330126,0.10835301673587883,0.1321068760028662,0.15172981472127212
-0.01605327476657259,-0.021463632752313555,-0.02556548643826162,-0.03240510609283398,-0.05580804738258993
0.0110907462102654,0.02257248399403211,0.03426271361897726,0.04596074822303575,0.05743951151112747
0.0380913244204224,0.05615125817479427,0.06431960317921204,0.06768343619157668,0.06890989705824546
0.0032163765732579064,0.006147949624393911,0.008295966616751027,0.009579338675950178,0.010198272526226071
0.03324890627591237,0.06325925981354441,0.08664603908539503,0.10192974738669058,0.11010765585179916
0.0036551414543839478,0.006699104468920747,0.008959174573613171,0.010463175430934113,0.011353936006803345
0.017846268860599257,0.03414470982222806,0.04732380068522202,0.056991253685558574,0.06350062736416495
0.042526561939983054,0.08136213956304528,0.10937475960764109,0.1256025756805591,0.13311174744425758
0.04270010933179558,0.06630951111709438,0.08142837175936513,0.09229203514504314,0.1009069694392597
-0.006668382587093125,-0.011241162711551178,-0.015397567625219488,-0.020230174698049774,-0.0270907299884654
0.03546978010272128,0.06896134558324041,0.0938715702648325,0.1088258992158857,0.116044815999091
0.0072309285390914635,0.011273762397740028,0.014144649896761341,0.016674631748083923,0.019396625267067535
0.019425678355562526,0.04942159103846511,0.0763936298328246,0.09104729677282564,0.09581562518593689
0.01575962578666168,0.026527054435097175,0.03483377668412968,0.04194172998028478,0.04860567140858585
0.018531062759572503,0.040251943183546746,0.05964154975560321,0.07322320833876983,0.08068103624404122
0.011543247830968495,0.018826678224793447,0.023049318698410537,0.0252708070389821,0.026314630157548535
0.02225234694305034,0.040151229757497076,0.05412744792506363,0.06474199087796406,0.07258242915890212
0.002194830455365393,0.0035716066351259013,0.004640162141177684,0.005634684582718874,0.006722729436535513
0.01722535547189652,0.03448310166467006,0.05006043760610568,0.06280336667483499,0.07228821426541321
0.01760068947347071,0.024997979319573038,0.030398728667319297,0.03664829032276862,0.04748345520196384
0.03608618328204283,0.076624492625602,0.11461138990457242,0.1453307714203219,0.16732788627659156
0.0013301878062040862,0.003640287930475772,0.006150086720563497,0.007964842751255086,0.008853200120489846
0.01733518510949028,0.03573770166759871,0.051631518784060915,0.06304031879020233,0.06989163181072944
0.007961361894765928,0.01573354444901387,0.02214285247915304,0.026690698868017115,0.02946821348579909
-0.004329210882518142,-0.0077638442220216985,-0.010603429085412341,-0.013031679245096295,-0.015166643108641353
0.02439269870213956,0.047489523273185785,0.06853646627886589,0.08653136405132844,0.10076613008925295
0.039030605684531205,0.05066644456496128,0.05806417250791429,0.06695070515010437,0.08561550345147784
0.02669382562712519,0.04686270747911614,0.061607798611521325,0.07205359163148883,0.07920901699918148
0.02633396893481188,0.037995378800647295,0.04608135889825049,0.05446731425656415,0.06695087504796293
0.005666456100475781,0.01318578324247599,0.019928913501135792,0.024252291461777542,0.026253811918378833
0.020349459297791417,0.04460721802335954,0.06511050581837197,0.07738132559927968,0.0823691339201551
0.019013168710337314,0.05452707452061367,0.08791968774315928,0.10432074233271149,0.10836666584351395
0.04588285695066907,0.07614540068466069,0.09836194529917164,0.11604778565761698,0.13108832519869917
0.00045970017455676526,0.0011063322460077574,0.0014890822165521955,0.0015862590233785001,0.0015963947793397049
-0.0021889725462806986,-0.005371896167927437,-0.008278892102272839,-0.010014138307370746,-0.010691674199745926
0.013967992988867972,0.028236790651356314,0.041506638815192676,0.052857080491255926,0.06185256354892621
0.034820249940132886,0.06464128708026817,0.08726268437932483,0.10264735348556508,0.11205391969720568
0.004010200992756063,0.010510607746992862,0.01745654085804693,0.022721512275064026,0.02559888581149994
0.010192564224560607,0.02095862051652042,0.030627043568605017,0.03813013682225341,0.04320969919290718
0.036738374924549455,0.07027214897065126,0.09602821656593286,0.11300342967326327,0.12263160251979244
0.0102750160927354,0.031290820665740404,0.05065113211431904,0.05921213057904762,0.06096063420811515
0.018263047466679505,0.05045051214555485,0.07451936804131587,0.08304358006282753,0.08438465499135628
0.006330978172669477,0.015285806201658758,0.024307827538648352,0.03131754378414653,0.035512589934268646
0.006161245049364883,0.016595164216319236,0.02569404297440192,0.029978669612459208,0.031013923574284674
0.019306894795000473,0.027595471441773656,0.033120224458554004,0.03844177887361322,0.045614845110629854
0.031081948599747777,0.05686559860222817,0.08002826528203077,0.10164329068324074,0.12212210779805699
0.04390036973095868,0.08026438385646173,0.11052465847478299,0.13540073303651812,0.15548463600906826
-0.007709283935743438,-0.01646817346756424,-0.020068848605148237,-0.020587920942765625,-0.020612858192849304
0.03510053859523676,0.0714122892180512,0.10218133309124344,0.12357042600159895,0.13572430222702891
0.03918302285122166,0.06681560672618092,0.08509525873715795,0.09624583830470923,0.10243559931589452
0.00045616069917964186,0.0012491123153561823,0.0021886445416915423,0.003015040039699435,0.003552022844510505
0.008533473832220473,0.012687187901121666,0.015473603499192579,0.01790218523046594,0.020567673778796647
0.020950985022372803,0.048940980773231946,0.07397494320397591,0.08970170628436591,0.09669240087766462
0.01545870017445683,0.026017841136529496,0.0344683545285267,0.04216804591250345,0.049967286272537326
0.025533603011866468,0.06224844815225761,0.09487110963230905,0.11383058847810168,0.12103722906949221
0.045890358340913484,0.07570831977805159,0.09700439960165386,0.11354095166705769,0.12740042271564622
0.01571286988648568,0.035336593896083124,0.047276995716167836,0.050938087117539665,0.051464662654283955
0.02545731150923236,0.06456164541215681,0.09428558263721709,0.1063034111559128,0.10879429326540246
0.009798971245455035,0.01797654484142508,0.02517557738869025,0.031828989407734154,0.038252995511487975
0.0328422881167767,0.07424451000668542,0.1027608556658286,0.11398793255242834,0.11642819792040726
0.026686247430359744,0.03722328787173945,0.04462047753398868,0.053444243807126535,0.07040903226568629
0.02647354308831995,0.0394803039087841,0.048452625934240046,0.05687577039811975,0.06732808265744017
0.000795146685719117,0.003785746829775727,0.006846592802741802,0.007817888926676009,0.007902724813192763
0.00883091318116025,0.015826505048500583,0.021192162739151033,0.025138982478399186,0.027882434432231262
0.004882628970263814,0.011110164877747186,0.016457239410453295,0.019701854632235172,0.02105419478667947
0.013799221189353283,0.027015179466769013,0.040209704972860805,0.053548284467324625,0.06684876368443704
0.035589465754275795,0.0773305322376403,0.10109904023704552,0.10785265247781373,0.10875335370448869
0.03374406437414279,0.04913503586307644,0.06009421786597646,0.07192229346037249,0.09050677375432692
0.023282702092907392,0.0353454133706137,0.04419430053854756,0.05309826202064638,0.06502326181617823
0.022816391581809925,0.04469349009288326,0.05944000453836851,0.06682630315666371,0.06952098991174815
0.030349625406539738,0.049818906376879024,0.06460799038693676,0.07774234544704395,0.0912400117851011
0.01397053990612851,0.019087328258564518,0.02251402073794695,0.02642808757585169,0.03363206380635986
0.01112254811377511,0.014608737448958187,0.01688235912668634,0.019691795258422573,0.025568968009145543
0.01779239102718788,0.03915927500219407,0.0566205744824102,0.0665768776615756,0.07050871378992951
0.01361058446487795,0.02475886221580148,0.033821807900988654,0.04112863954659751,0.04696555035501926
0.017806221444666037,0.043481346764130846,0.05541945789546465,0.05718881022138944,0.057269128315543316
0.04968522980252943,0.08806650472741051,0.11744439109755866,0.13957587545653027,0.15591626068026343
0.027844642666376984,0.05298922159381558,0.06991931729186895,0.07865774568895245,0.08206233583913847
0.016073521539209712,0.026011064272904894,0.03396697843589391,0.04191550853696535,0.05151984637868279
0.013197555389303783,0.031298887050242974,0.047824574057388824,0.05836019468092879,0.0630922816041507
0.02182460332746128,0.03618836533979952,0.04650407481974528,0.05424512510782209,0.06016507165086904
0.005809033985603063,0.01758735274773937,0.0311407650301313,0.040717134383458475,0.04501296600220972
0.0403600471448079,0.08266643745632596,0.10610321111839016,0.1130076878260623,0.11404627098046427
0.001454031285171964,0.004823301385519008,0.008859311554740623,0.01164198798069338,0.012750156018800585
-0.0017215645915691358,-0.004753325701797095,-0.007491581483745624,-0.008890658714509336,-0.009252164360984083
0.006103864609280363,0.02035024150003173,0.03768674477099576,0.049778054686135276,0.05465969678722049
0.00700197503743305,0.01577410219324671,0.025465789867643696,0.03466824455920181,0.04197419694021043
0.011674142881196836,0.03331383763631279,0.05170723569939628,0.05944196286563519,0.06100427482504778
0.0465588309196564,0.09573121240776017,0.12514066816614788,0.13547791345047755,0.13744912397453124
0.0007128714350470577,0.0011887748137749954,0.0015759840968183614,0.001952404293255161,0.002381328324731702
0.033625306016089374,0.06434887504665343,0.08477808183347713,0.0948535785806075,0.09845885149172495
0.012548360652639201,0.030385408518560864,0.04787849520578713,0.06009419719941278,0.0662424055869536
0.04563637090794992,0.07755446105079467,0.10102001079932044,0.1189953349998758,0.13325844129244324
0.04056232235914192,0.07709649313358036,0.098846374089955,0.10743926070307741,0.10959316283085774
0.022511156548020494,0.04314471236788231,0.058536041741698686,0.0680406448892491,0.0728980472004862
0.03147013965213741,0.06807952168233766,0.09357450912073162,0.10472801978380364,0.10770128358801201
0.012843265142216564,0.02350442458710933,0.032173320748849044,0.03893126234657096,0.043783141726875585
0.012882181415038052,0.04990579073214141,0.07985208213211203,0.0874383519803712,0.08799089826184026
0.011078616396852925,0.026516604545540945,0.03874376718685579,0.04455847141688152,0.04619326468671514
0.03093307012001434,0.055494767575119286,0.07491443426152222,0.09012855915468831,0.10188679571656523
0.01898571905120372,0.03177761995597306,0.042197573605343375,0.05221742257355699,0.06329257820060019
0.04095250048647803,0.06950738735215678,0.08798123991433027,0.0989749308146145,0.1049078661002244
0.029148909535340106,0.04692228858574421,0.05666829485282443,0.06130767791253011,0.06314510175417609
0.04439274271139049,0.08062922618542723,0.11146834568707509,0.13832206908396405,0.1619871584369602
0.004895160925083242,0.008863068083456271,0.01207504369161505,0.014660317891900032,0.016718572045001823
-0.0024359086780542105,-0.004669564585038644,-0.006591084171532202,-0.008147510705197036,-0.009336400750629026
0.02218767304956326,0.04434445996083536,0.061396366519652745,0.07174907051566348,0.07669340275523362
0.005172203426794919,0.010410299439487125,0.015040550382402373,0.018717691868205488,0.021331287560157564
0.028444584357670055,0.06082089595799689,0.09065783457790766,0.1137714151612984,0.12920954133277607
0.010129646230636391,0.02657443189154929,0.04291281970610483,0.05322714994224653,0.05736371184382694
0.029686024066902572,0.07781739972445056,0.11684851352603587,0.13433920260831433,0.13853141901068367
0.04209831558851562,0.07987583459333503,0.10645344683048152,0.12153861121831422,0.1284250532698713
0.029101700580259737,0.05414528440171096,0.0725709584520502,0.08426027233992606,0.09064248684247844
0.02935201935445464,0.04574895369568188,0.05702259448554148,0.06639605201617838,0.07570722586026113
0.009341118991400665,0.018608390517761864,0.027358643843344965,0.035295123448864874,0.04220358889465514
0.0481304708667909,0.06955988761596454,0.08302955302207615,0.09439158717508478,0.10694271517886456
0.004975454416620062,0.011933921848299223,0.017746360135799555,0.020764053126905213,0.02172892978724672
0.010360188017189409,0.02498287858243986,0.04042070205422077,0.05320052411981124,0.06170898625403509
0.000748061085965257,0.0013377177906703785,0.001805816454304665,0.0021794090452869064,0.002478716423833016
0.02246997801364592,0.039327197206249886,0.05211781531630577,0.061881693145472094,0.06935067639873671
0.010536323811211834,0.022723081867424,0.03636981544298412,0.05102616405777505,0.06599634052686365
0.02531509250913333,0.04211578647661407,0.056197239302598345,0.0708770533777835,0.08951211073613918
0.028325689904984852,0.05229690637450812,0.0697076052545006,0.08066917289815212,0.08661589176190376
0.002838133791539188,0.003922278609305052,0.004720191117444372,0.005808543286437207,0.008344912663646564
0.0312099973185469,0.06229055485303736,0.089181209339943,0.10916661863098931,0.12198188925444675
0.033142936430566206,0.05974735024832922,0.07964866463151488,0.09363832043943199,0.10288552688922747
0.014917023391958217,0.036835401282222624,0.05333009676962708,0.06010313876828921,0.061554966851073645
0.0061291656189583765,0.009270126748344598,0.011826580456939406,0.014985306231835471,0.020451208981466573
0.03593256124494337,0.06639691338858833,0.09073722848704413,0.1092177471024588,0.12262618808636272
0.04058021082085206,0.07955325830806348,0.10427510001648643,0.11498207374733749,0.11805695462173027
0.02015396470767672,0.041037231828651155,0.05908356930205161,0.0723275134462309,0.08056896579561446
0.028235321567793736,0.05551094103479348,0.07985645798985397,0.100102423759731,0.11589503507094567
-0.0007490874742116516,-0.001555698963073171,-0.002300235192083,-0.0029076626494970448,-0.0033493447345925853
0.025304625537272418,0.04986223302907411,0.0693746348710349,0.08246335850719289,0.08990183903224147
0.057575571058042896,0.10018300497970045,0.13248211136696864,0.1559354268848877,0.171878277597304
0.0007025387911678838,0.0019412281170382295,0.003424695777191178,0.00475450263545707,0.005562416911466084
0.024707220791875595,0.05287893000858157,0.07777337326964129,0.09558021313804577,0.10614330495737456
0.008216220077781333,0.023370305064716823,0.03585016410599995,0.040766219270131576,0.04164924654880309
0.06099573315662943,0.11314844997962337,0.14741915952834805,0.16528378087440232,0.17257538352061474
0.011916008798364186,0.016912888456184327,0.01984004496481262,0.022146493384527344,0.024537820701821866
0.0020465574478776283,0.004873952697116768,0.007430776194793265,0.009019855519738718,0.009694279432707842
-0.0012160078898603155,-0.006159375841786052,-0.013024810375237283,-0.01657991015644833,-0.01726645021318829
0.027986737445457988,0.04246329967643814,0.051214490168764004,0.05726528267840014,0.06199615821024129
0.01724384821049363,0.03775079721526564,0.05623112060665192,0.06920667701329086,0.07636428334277712
0.026722514275879128,0.06288791463352639,0.0927061636154507,0.10844806702603893,0.11372484394741389
0.01880267693556925,0.057498808582063354,0.088175632876615,0.09833305320631425,0.09966945551005735
0.006169023283345232,0.013189457015545858,0.019422503174029604,0.023865492147003176,0.026431825197348213
0.03170193802655996,0.06850080668272251,0.10089912306753501,0.12322227342701342,0.1353821327025797
0.077348913156286,0.11831460023828577,0.14735395393669914,0.17361278545115855,0.2028215633915812
0.016685013350978606,0.031086890410857992,0.04287414826172653,0.05195728147628176,0.058470265232258956
0.024852041183866636,0.05579451660096535,0.07883802698810327,0.08990444903413553,0.09325422985457132
0.049549567557789165,0.0857992666526971,0.11200784953775467,0.13060759240252595,0.14345489977313575
0.040436462825532926,0.07604397151663733,0.09887466406927581,0.10979667046494401,0.11353547424911303
0.03542415989855985,0.06661658948547755,0.08693498284403878,0.09696705516241277,0.10063681106008615
0.05638192489561544,0.07295551668378397,0.08115906196336364,0.08783623125260454,0.09664743758746619
0.024181836943587,0.059169439515664224,0.08261551587504612,0.09030740398175374,0.09147532254708335
0.03178647488895059,0.0630561467438362,0.08771088766234936,0.10360506958271443,0.11199481299936132
0.004237911447796283,0.008072605071896333,0.011384205442522388,0.014121905546757296,0.016290281568649534
0.022347932416062366,0.0331222205756353,0.04156053306512564,0.05188392390984875,0.07055495595255645
0.006567011058169703,0.017463604317248582,0.030604578836194163,0.042570416252407206,0.05110489478491975
-0.008607684935915128,-0.015361263212789855,-0.022085257469547703,-0.030368246268837717,-0.04261360043826856
0.023377590588753216,0.04787600393485447,0.0692115452372547,0.08501239329767174,0.0950817126424035
0.0008864730052952075,0.0018464124005388438,0.0026629142706438014,0.0032199794115226332,0.0035260320485318575
-0.011055796376476135,-0.01565167973370718,-0.019360783907213963,-0.02475646931608,-0.03770316835380416
0.04897548026870591,0.06483986975244282,0.07356248883170169,0.08142139401504178,0.09267980778275409
0.007007988220932737,0.01870629853880401,0.03165751910727033,0.04162226046898243,0.04702082198649338
0.029532522947113393,0.04826238429794627,0.062277239681187035,0.07451183704353004,0.08686084683178796
0.009860577051407082,0.02744819195368986,0.049199737146377154,0.06856848857660136,0.08139058392345033
0.03454857900512409,0.07820013960645256,0.10873627941301867,0.12105309120361807,0.12381841384492387
0.041371291952845946,0.08921380638245469,0.12583034644450808,0.1447916177802272,0.15130898266468817
0.0023901552351238697,0.004834741818743105,0.0067690023785448306,0.008018813232607447,0.008650350863616207
0.02623517373127837,0.04247975584921804,0.05500929935586474,0.06676200544104582,0.07991347022815998
0.01429372586286659,0.024976244795970937,0.03528867553004178,0.047521080611451216,0.06405286083608186
0.03842123150312049,0.07284128874982909,0.10153387840282935,0.12338026858123563,0.13843819526159662
0.05973975077837845,0.09812432278868555,0.1224480488917864,0.137175124132344,0.14545772994403472
0.012863994227138575,0.02844354286248041,0.04513431674653867,0.06115269497425757,0.07512370861397921
0.028342945905065253,0.06944322332247621,0.1057591435739893,0.12655907035348157,0.13434778298969707
-0.0018609306434569373,-0.0035823579919948,-0.005175768103961698,-0.006651667377487125,-0.008019637959847836
0.010700645717138024,0.028057965480811853,0.03598135588967066,0.036932892058097355,0.03695982408773235
0.019408633531400765,0.07599128899783936,0.12194637595304081,0.13417324586953816,0.13511771058718702
0.03218827655798706,0.07546633156431093,0.1063731307382052,0.11843508942935299,0.12075711256308619
0.04490163555672155,0.07763014261255985,0.10316596784115861,0.12427276729802561,0.1426083222061758
0.003250516828844363,0.008423302750378281,0.013379219380133534,0.016449906387765112,0.01767845861809647
0.03958587650206835,0.06495360328806521,0.0831064473508919,0.09735299879449255,0.10947977046226709
0.018613858674588646,0.03985300403239711,0.056500264824157265,0.06567222074159174,0.06911996511067231
0.09348495036255533,0.1404507981943901,0.16516653162857065,0.1782810690881046,0.18512186399624164
0.01974119769205762,0.042510802665913894,0.061719455319487415,0.07417188293513466,0.0804012216866643
0.0010351885833727037,0.0017900596777765676,0.002324380319098873,0.002690405545794694,0.0029320390361825543
0.022275252448411442,0.03834663674059491,0.05346681472480408,0.07114860468685835,0.0951246852694978
0.04738180057529251,0.07291676123421642,0.09034884836590196,0.1049708148190549,0.11972777945210689
0.013655793603391864,0.02222265264723322,0.028169055485888772,0.03260248171803137,0.036094097219071974
0.06121840097404474,0.12244911534921721,0.17253439015488226,0.20700409450153578,0.2272129426913415
0.018834203639061298,0.041052695193127375,0.05784131359732603,0.06616669565406696,0.06885001217546649
0.008511749363585897,0.023130417906767287,0.03607382201253517,0.04229763880420023,0.0438843640225165
-0.0012173594115576503,-0.002793358841334137,-0.00413201561467158,-0.004912148309481834,-0.0052178765125945326
0.039986595505525524,0.07811141532889831,0.10277398498002632,0.11380574584306125,0.1169879379671156
0.0031286284741349757,0.0050481157882001915,0.006579499304603109,0.008124550353790783,0.010042149750114082
0.0275561968987319,0.05109345146648159,0.06984682878341952,0.08361783710203463,0.09286108462067122
0.030020021187978863,0.05445337413358875,0.0723271071514966,0.0840706754142233,0.09095148594328639
0.06849727429505437,0.11689297998317683,0.1523896822341798,0.17925458377122683,0.20013952117674771
0.010027768945059301,0.028253112670119207,0.050173967619633886,0.06809079898079073,0.0782212179454208
0.023749555352847174,0.051451598085358596,0.07361918853244098,0.08600197032589518,0.09081335888679087
0.04176094125855834,0.06824754522410803,0.09003416923008645,0.11224502916995038,0.13915393736418424
0.039518977720318094,0.06743649104868654,0.08227841225638532,0.0880915620343724,0.08970039193938395
0.021933866662974588,0.045124163371101034,0.06360351971920197,0.07500052296113036,0.08044727580614186
0.02236014346674653,0.07024925780937552,0.107646435450785,0.11959789705682256,0.12105911214469067
0.012781999374312902,0.03216724970348761,0.05128211743702915,0.06398509343000258,0.06966973751511663
0.028363145291043446,0.052764715118775674,0.07323037549436195,0.09000911337478223,0.1034771525331486
0.03606838352930075,0.0641886560491427,0.08648957365132015,0.10442568285693665,0.11901989818739289
0.035651951560007,0.05457432755657887,0.06764148026893813,0.07895237543675926,0.09089071150180128
0.019890347646179363,0.03541909487036543,0.04862110506149919,0.06015363049170497,0.07019098505523091
0.014662427803130207,0.025331570812151427,0.034632530339357204,0.044265128718743885,0.05598703247823622
0.016382973476713913,0.022417612240524853,0.026392907642498353,0.03087747712342226,0.038965053178302456
0.006914039187142174,0.011030417622714617,0.013933641387577134,0.01629892997775595,0.01849035102169705
0.008709182621863043,0.01659779982627707,0.02360114124156898,0.029574859034350975,0.034333166313566976
0.035008012225027696,0.05759585791196187,0.071254937454159,0.07891441906398222,0.08284835499863974
0.02880215508827033,0.0608352361228216,0.0879962636116216,0.10613737964737424,0.11573415411547994
0.017908301705020446,0.035513288161522105,0.050684817719995,0.06211226278239612,0.06952994663921586
0.013730875508326967,0.0240953072775677,0.03286659894620669,0.04109221862736934,0.04954536350788585
0.025914015638481946,0.05452463909213656,0.0770758322107934,0.0903274523439096,0.09613006764000787
0.04085549358650531,0.04765694555933364,0.05096458980938123,0.055251746732215,0.06848470640660131
0.021192014383666358,0.0348139410475401,0.04465164164280799,0.052311528422460896,0.05857841776126782
0.01177237678628984,0.03335109633070987,0.058660062238041544,0.0779731270840075,0.08730533833834364
0.03935503546934438,0.06101288194592813,0.07291158573473655,0.07931250493713604,0.08263670225809294
0.045608538762058726,0.08849441987443807,0.11912352436958151,0.13610190790444054,0.14334867126058348
0.01246918269695152,0.03765259508705476,0.056813384124331345,0.06270837088617454,0.06340565422015065
0.03943405961057489,0.0835003536774267,0.10981633829050308,0.11839790867069755,0.1198245867754476
0.03771633507015515,0.067403747214549,0.0913440116547728,0.11105994933203878,0.12759428873662704
0.06011374464016894,0.0908977958819488,0.11411337047320091,0.13790786508617348,0.1688948253619842
0.03154155812564319,0.06274582890071523,0.08668328510577994,0.10124252659232769,0.10825484715890488
0.0422898447699227,0.06335697727980272,0.07620196404189028,0.0855302409049955,0.09348580100607007
0.014563105681849264,0.024833157190093158,0.033465867433661756,0.0419302890437796,0.05139890595806362
0.027696369575450186,0.055117347066870326,0.07710904950059305,0.0917687464549537,0.09982896325620039
0.011763617885184097,0.025953546219589452,0.03723566878004281,0.043289327825690505,0.04546931944007426
0.007300552486751433,0.021778700621380875,0.03494220153470862,0.04086952546441436,0.042170201251231276
0.031558615480576924,0.05951770934926881,0.08003087013457699,0.09274591576637348,0.09937951659176891
0.01747576251587668,0.035530437746902344,0.05247816851304088,0.06761803604950889,0.0798959208138047
0.021975617296005168,0.039457283734152915,0.053905003933317985,0.0662697055897723,0.07720020832700702
0.029764365397113246,0.056049574557987425,0.0769370485700247,0.09205591639011335,0.10205467953092229
0.023612842699614944,0.049612229593192225,0.07457405231452963,0.09547362889777966,0.1108292396313385
0.02536859662467561,0.039187320670439285,0.04821007113481701,0.05513191983096932,0.06129967955423432
0.04829500102074935,0.07605562432874191,0.09486772292688883,0.10965813416551828,0.12300488532919895
0.027895464785194113,0.044914250327855454,0.05655806128964658,0.06528308675521766,0.07234448797632809
0.030860086751005933,0.05231434958899217,0.0686126743940566,0.08200740237747672,0.09383127212050435
0.029436899488888724,0.05290444942071171,0.07264349376122481,0.08974989094598251,0.10483007083562057
0.03027717286566156,0.047218940438018775,0.05570710590261374,0.05944366917173016,0.06086675127576058
0.019291558068758596,0.044985858706720894,0.06979270648346347,0.08800351271559559,0.09837289803309968
0.03677694822057054,0.052027123862012914,0.062125740048808886,0.07227432619136365,0.08697213857260688
0.02589805082860286,0.04434791934860183,0.060116060083501344,0.07571761362197582,0.09299961454109795
0.017769476105787496,0.055105251293461555,0.08295148972826416,0.0911888020258218,0.09207821939793692
0.04695108882286991,0.10169715031892523,0.13645178127650626,0.14887937334937007,0.15126802383836502
0.04192632038754074,0.06698026885218422,0.08337148177099474,0.09497916353969238,0.10381680991637032
0.01266431210850616,0.02042814797084369,0.025442539445642565,0.028809014799171306,0.031135526291258264
0.027844154191592696,0.046974934962276005,0.062483333359213744,0.07667915672520365,0.09100156311319085
0.040052637146897885,0.06720109354866977,0.08972418261724968,0.11167361824562771,0.13595878750791746
0.017952094191461487,0.04910609350104378,0.07813443429126532,0.09401759321426617,0.09911153494673464
0.0022221327167052385,0.004493045223037173,0.006763966397327459,0.008991274712149,0.01112247029546265
0.023989195004079034,0.058934439479303324,0.0872761200004395,0.10079761477783633,0.10450499715036443
0.03666508997730089,0.05636651275692872,0.07208219821146378,0.08959938113355448,0.11535569638061816
0.053204152557060236,0.07484105565595645,0.08877053914359478,0.1024910406473597,0.12240929435606185
0.031643616253210105,0.05767907218047885,0.08020019716465598,0.10054801652338496,0.11961808824620301
0.013129973714455678,0.0313026591425587,0.048839302600476975,0.061030697368264275,0.0672176014818745
0.028405962277366803,0.055988225247311285,0.0789131724530282,0.09554484304856825,0.10614636353364582
0.006258513840563085,0.014845338705880229,0.023123606632563076,0.02892724682808434,0.031926288829035365
0.08941988733913575,0.14258855858453034,0.17435639210299225,0.19306805101649793,0.2037674463111493
0.014365270669397634,0.022654142041315106,0.028722666726909485,0.034178370235516065,0.040061898451749234
0.01128826541874417,0.021482463586645073,0.03047037107967987,0.0380822543703484,0.04413180602042999
0.010276796703488023,0.012772829323329127,0.014450768759510013,0.017286969051663492,0.02780630741708201
0.02071170834675984,0.03266956130646059,0.041924617121155805,0.051122711140242916,0.0625342840465789
0.017245291230285176,0.02678427678072892,0.034264439271826874,0.04173345013622032,0.05066480577567245
0.0032144135964139453,0.005712658805128501,0.007727374818837229,0.009394307276206382,0.010799853009302973
0.0050697224457862955,0.009517342323180022,0.013168828285935352,0.015983653200493997,0.01802304878075356
0.011972988725476919,0.04173097805103643,0.07357405476024426,0.08996269874820262,0.09397015652982355
0.027207557219669498,0.057722724469761566,0.08366288250507226,0.10088277845120874,0.10988903061516797
0.038319645026805293,0.09109446350095263,0.14008675636314938,0.1727311409175336,0.18873109438003755
0.018441647708389297,0.029815666819072884,0.037570506826372085,0.04329094810537082,0.047799038861742305
0.06258135107143648,0.07829039641031543,0.08768498083395804,0.09983428011105766,0.12973939969272485
0.05056868069922815,0.0789677133290363,0.09845120180509592,0.11423566834731935,0.1290079272928628
0.0652428199207824,0.10824454721889032,0.1363188691759203,0.15418576708425213,0.1651264359734369
0.025994458941945853,0.05913990299619065,0.08411344693967071,0.09592994928659127,0.09933856498883231
0.040134534954308965,0.09190341074401798,0.13077263581348442,0.1486339254363095,0.1535701746057847
0.027485160221773386,0.06041906333164826,0.08579455225634747,0.09871148606726132,0.10296860053904111
0.020849142532183063,0.04656104991563115,0.06740099661486809,0.07900147642087074,0.08342572396373371
0.023263520466329624,0.04337174832064983,0.056387576186252786,0.06272925488959036,0.06502076726970207
0.015588735896606365,0.026925754406997293,0.034492096770076586,0.039110189180441735,0.04166114361767881
0.04347859419265521,0.0734826999125947,0.09508512715045336,0.110742212611596,0.12196229624202526
0.004804783024509263,0.013162820772982142,0.02216641404859354,0.02841081762798947,0.031158699794718192
0.03341403171010815,0.0715278756811516,0.10335856602362792,0.12346279295721396,0.13313129128049517
0.06817793155984897,0.13871320080065486,0.17581740451825478,0.18548370624206445,0.1865877945131672
0.01734264615113934,0.04389015954924924,0.06737641566221209,0.0798860228128968,0.08379755709892733
0.0554051418242929,0.09743806832810564,0.12693159918555164,0.14585845929834895,0.1568039037943777
0.011999901750741726,0.025049971109692204,0.03429516588842085,0.038646560634080895,0.039989684056094044
0.018915890733908203,0.04108277687674633,0.060061295119648195,0.07233686384389626,0.0783417041426907
0.010219217589746532,0.017203823815260644,0.023929432392156058,0.032851610289344135,0.04839931115351981
0.03149309348350793,0.06513433812813485,0.08940702958873636,0.10172333074998252,0.10604414451169941
0.032019393724716294,0.07355529402176308,0.10225748639463761,0.11361551288536997,0.11605749993876424
0.05371231113496111,0.08682571551837881,0.11035234000433058,0.12914419101034147,0.14575748554620438
0.025093460838212067,0.03450135448753311,0.04014928128786954,0.045326437105493445,0.052296401843273554
0.01701478688246394,0.03252840142713653,0.04392381208782681,0.05077010931197412,0.054115958690162724
0.012122137899360674,0.02387919716364384,0.035083424781999106,0.045556386359874246,0.05514590650005291
0.05841978088227395,0.12589008310991168,0.1705910049916567,0.18828717079678414,0.1921982268486413
0.033279943075366636,0.057229293437993656,0.07487419956252284,0.08804403427524288,0.0979339321877657
0.018954909959613797,0.04089497759007854,0.05481116847645373,0.059788779573875406,0.060737805899141795
0.002756843862390612,0.004896608444979744,0.0070388966605164915,0.009725807895478722,0.013737373127663544
0.021680989032262676,0.03992478671926192,0.05400226356573734,0.06403356765556867,0.07064048952453217
0.01582227456509222,0.022288623651705364,0.02661715771287243,0.031164132589586724,0.03840825784833213
0.028072615030943715,0.056207626909157704,0.071122949754296,0.07533047928286607,0.07592481386644534
0.01384153492148632,0.023164371136268458,0.02923224977186767,0.03300808387689691,0.03523032139940874
0.010213194701937378,0.019991912119338928,0.02627654592587425,0.02901961423165611,0.029813317616298685
0.07715150635139456,0.14521513960309118,0.1962982956703906,0.22968357117042504,0.24877890755032694
0.05410117602956788,0.0837221272486417,0.10146365102068278,0.11274531635453089,0.12022815562093869
0.006028811384752086,0.01249555781937528,0.017714690353601292,0.020926134944621366,0.022416462817968164
-0.001214316060173748,-0.001935049301571512,-0.0025009878116608597,-0.0030555848609747915,-0.00368306056782286
0.033936580094295565,0.062150309522628566,0.08177240175667388,0.0933037924764154,0.09895241626696527
0.028879903780884342,0.05030207422920929,0.06601221548860536,0.07723699603185175,0.08497471256006484
0.03721959746033909,0.0600300450438076,0.07533873182990836,0.08625604205899595,0.09438162303302933
0.0046645179190973884,0.007849629074961673,0.010137596589881559,0.011845557961305264,0.013160041977930637
0.047756320357314364,0.07688006665233349,0.09544366024669126,0.10770896976692057,0.11606453662551874
0.02483598572315915,0.06884775288607792,0.10383556956375062,0.11726105553419186,0.11960718059486808
0.03066039230508677,0.07007571854167827,0.09229012979607709,0.09753087660829474,0.09798906881203262
0.004907856474117067,0.007390324646871171,0.009026739462296596,0.010390525580143528,0.011800548888195816
0.02947245397949516,0.04898241986341434,0.05907917289382314,0.06310153117618467,0.06431334867311977
0.05212442834163844,0.07806938851322498,0.0953839912113591,0.11023838607308345,0.12622892198901559
0.04468263227813829,0.1011414065712053,0.15124533294684983,0.1847908830995103,0.20228959924430534
0.023544893435445746,0.03986624846225262,0.05276030794344155,0.06426953941876046,0.07579622501364047
0.05542956859080739,0.09955792762712334,0.13573053298430127,0.16477391346993353,0.18716391830385926
0.010825738963014753,0.03123161053306245,0.04880050209334219,0.05615290968791009,0.057616799870270796
0.00603023643356615,0.011082736314535602,0.015038387392408481,0.017912192928351223,0.019793235085951877
0.027252819651281346,0.04805741254357665,0.06117960523063071,0.06801903095882256,0.07092465380967627
-0.0060902439843846246,-0.009699249589222525,-0.012234895087456787,-0.014313789857771209,-0.016282301094155627
0.020381558345635042,0.032198605302418803,0.03930587822677145,0.043641885704559624,0.046284036414088514
0.005637022617025922,0.009310274757453274,0.012254306143623217,0.015106972204577795,0.018385538728848183
0.028912068293102666,0.0782813622409354,0.10453038948284654,0.10899726449875158,0.10920276654351624
0.020251699512926824,0.07322641371686234,0.10542807146035404,0.11025662186160001,0.11041533829231709
0.06317217236056316,0.10937606117207266,0.140361078421529,0.15918031064604543,0.16936516652387956
0.026508211704906692,0.04894853478651162,0.07068770621988507,0.09427918984738248,0.12215282611895906
0.004784873479158902,0.015682378851936796,0.03075858895042849,0.04335892714809253,0.04984692749144737
0.042841097737505884,0.05879569404979368,0.06887426138643571,0.07880784225041426,0.09314540119226977
0.004083378732280263,0.006838376147394798,0.00883630041623551,0.01037979578410464,0.011642913484181117
0.01749063848477317,0.051958628135181484,0.07073452336068153,0.07354251161628633,0.0736461534238586
0.02006081660219916,0.0491772993627031,0.06864422530867675,0.07461943851588448,0.07539169833660686
0.040140473970809,0.06979305063064545,0.08813574918366696,0.09755195730303123,0.10149289611058665
0.0037003838928275634,0.005787594646152194,0.0073438369356800814,0.008828675327830493,0.010594855280572357
0.01330519857014656,0.030208700481824002,0.04557438658741364,0.05592701134725164,0.06115757558020529
0.06100129102504104,0.12118664530654033,0.15890643992653553,0.1743791142507789,0.17832076688041643
0.018788228373880833,0.03462453746055716,0.04543417956659823,0.05142913537541438,0.05408082506851064
0.04674567479184932,0.06303816748174651,0.07181384721712691,0.07875429057115713,0.08658575585992212
0.05150907303924446,0.07361192637781089,0.08693220373328114,0.0975577143117955,0.10838511203462087
0.0047039120569176696,0.008242748306118375,0.010969940363561803,0.013098797309520571,0.014767102785436692
0.08273882739060412,0.14209983093124356,0.1840625449652502,0.21214642462501265,0.22964631485312959
0.0016342135725150309,0.003283973914209648,0.0050915633608941135,0.007215548233566849,0.009845614978874484
0.015847377314788136,0.04264258612941796,0.06342644987622703,0.07154119328532671,0.07306195241075208
-0.004363966684907905,-0.012759388345555789,-0.021592836244022084,-0.027144483663472108,-0.0290717108140085
0.013945372596153027,0.022969360303783604,0.03159758483480424,0.04298359106781269,0.060800676874918524
0.026319754701312204,0.058886180589146186,0.07385651326145659,0.07645484070660202,0.0766045590696367
0.04665521692812935,0.10528690333295165,0.15725100906687406,0.19164242343770643,0.20909397012025566
0.026175809802706618,0.0759961562776319,0.1112115432675953,0.12141630215738297,0.12253227859885041
0.04438723741875328,0.07173444637217485,0.08333266576438259,0.08657293252475118,0.08713640720905613
0.018826359441462936,0.037755442726511323,0.05472307225014017,0.06794993717551823,0.07680329748609682
0.03510701246555081,0.05917660413168191,0.07635935783142267,0.08897193533092784,0.09839703174835546
0.00875873483129841,0.014751978984560488,0.019339024814274297,0.02313494430063301,0.02644041330514335
0.0008899418019694405,0.001241282529016785,0.0014979946014030965,0.0018312467323878812,0.002541055711364093
0.014842894023410436,0.023192102947017346,0.029103258473295424,0.03424266524456454,0.039632088546842636
0.06304058178139504,0.10555491665218086,0.1300086658371138,0.14185982010714893,0.14661055850482008
0.03258826103085133,0.057608932148780045,0.07596986720828913,0.0888369095950694,0.09741175227738319
0.012556491276066617,0.0204531908677984,0.02615802050908611,0.030806299116304503,0.03503128039753811
0.01983178467502167,0.04164414054796994,0.060318673254442956,0.07291185954396862,0.07954654166418651
0.010931090222596307,0.018466689939764747,0.024665807328348888,0.03064234892751516,0.03727906981364615
0.04481318036935078,0.07383570835111153,0.09208260203264462,0.10306253283358646,0.10930009349259384
0.017101547444756338,0.03498453204444696,0.04773228858769296,0.054048018873959935,0.0561958301306017
0.024602346631251493,0.03989864226848139,0.049286186188431724,0.05491740230456155,0.05819119427548036
0.012707138389968509,0.020394631652999817,0.02531415743602783,0.028611625972215116,0.030912359582352056
0.009142804141244687,0.013694276129816108,0.01658336042529629,0.018886136834985523,0.021170256150103928
0.020468397332577326,0.04823291936902985,0.0673726960111698,0.07440553802237837,0.07569847141036168
0.043166914676743606,0.0909271735220335,0.1318570863959021,0.16022091127346905,0.17634634646770542
0.021170863649986993,0.043456292130794494,0.056844152250217106,0.061538694242041836,0.06245263558798286
0.03952966770026234,0.07138555940147584,0.09557934303654059,0.11280675661633255,0.12424760793745915
0.00858110266601464,0.014222372827652818,0.018644142300331956,0.022721576576710034,0.027092477087764744
0.04028459647244709,0.06049559294669227,0.07127810108337507,0.07723150434769266,0.08058573440353467
0.046784618383890364,0.07479075273393165,0.09336834584160769,0.10671715001495896,0.11697323532233761
0.00903333630553338,0.018209239377153796,0.02773069495737357,0.0377204100082299,0.04798654363255095
0.042405802931282044,0.06329798596028102,0.07501508162270776,0.08213266048362988,0.08670370624651447
0.025016244007827093,0.058722102016346756,0.09064061247212041,0.11295062913678411,0.12465033585018248
0.04017659309677357,0.0888477082342809,0.12793942118834034,0.149999497253273,0.15877765265580568
0.038680883110988384,0.09771467759188845,0.13872421998669304,0.15199329785360494,0.1538410674279188
0.05288835442857398,0.0750035510660304,0.08702539505675577,0.09499388618462223,0.10126246084164503
0.04347936203851688,0.08617279481381768,0.11654371071090863,0.13276586206871865,0.13922419502700678
0.04490214402748216,0.07574790762101935,0.09812537264301258,0.11490138683267592,0.12767993507067255
0.04468087105427354,0.0765835752023768,0.0943555477479936,0.10209418302099038,0.10458999750266262
0.012569054821911174,0.02273181354540743,0.031158099711116716,0.037856053038251125,0.042743588865809534
0.008660322063666182,0.015926941045947718,0.019537739657259356,0.02057349195408209,0.0207324956261985
0.01912081735622384,0.02801391923037977,0.03320066609619565,0.03689466809998454,0.040068556759983553
0.04995664056496618,0.09443631043323142,0.1281592124744727,0.14947441355450553,0.1603604854426418
0.01623789031001155,0.03824227460384699,0.058564349966748974,0.07183518999449334,0.07797244823354843
0.04725091232577627,0.08631482046359795,0.11198407762457774,0.12551922674661897,0.1311100773006264
0.006805444333736643,0.020134186108496266,0.03435267230208905,0.0431631447126426,0.04638437292676567
0.016378013518002388,0.03362022324307412,0.05048195992095661,0.06587883343386491,0.07908148504064849
0.024029884683392067,0.04591617978544271,0.06380934518445869,0.07702572576432587,0.08582372916502079
0.03229524134173478,0.05664447344819323,0.07337301509044436,0.08374938784535424,0.08949067158755308
0.025846911546855922,0.04863185818792859,0.06373446721419063,0.07110256962744743,0.07363073137870213
0.05459194013737212,0.08926404869655824,0.1146477048822766,0.135645525174389,0.15497296802735916
0.008695787418669276,0.014297700115345036,0.018261098718057478,0.021303346349890395,0.023817338248766973
0.04550484110127284,0.07336435204545466,0.09356378583643665,0.11028456385003294,0.1257002727245854
0.014542956881766878,0.03161839071265793,0.04922381255805186,0.0653937994693311,0.07882160849898834
0.014500704121799712,0.033225437726499885,0.048932178855440545,0.05778434149971301,0.06113215301525132
0.07027480296514532,0.15140972025725796,0.20136095253814357,0.21888777267080883,0.22214868711532243
0.027482865285653912,0.052581168620937535,0.07573475621837322,0.09725365878217962,0.1173449685875172
0.06754604364148209,0.09843949518828488,0.11637288577569938,0.12931381660409424,0.1407992677942015
0.02279608315780879,0.042720572332694995,0.06274035750478446,0.08467464953075088,0.10961928697901813
0.0005800253309935499,0.0011766537758697293,0.0017371037328287597,0.0022208687126432647,0.002605132660040921
0.010386729770427983,0.022270431436297256,0.034621595243368386,0.046413567056443505,0.056853189192163756
0.007649634415895501,0.017637074760134652,0.027258774010223807,0.034415862809774156,0.03858225772072599
0.0343533368401292,0.09783866366026572,0.1528688836573303,0.17922231078184703,0.18627367264000672
0.050021019087894136,0.10000144327248217,0.13548762822749538,0.15413799356048152,0.16132219070144527
-0.005301581014970025,-0.008486931920861251,-0.010849630736696203,-0.012998669307664246,-0.015383022488740683
0.02039998685601785,0.03801784578029299,0.05233546466015415,0.06336874032660034,0.07146976083952306
0.04750895290105561,0.09294772968438825,0.12221730539395936,0.13544854941491435,0.13948046840883643
0.02559888591748427,0.05046239598255342,0.07153713845642318,0.0873510610457553,0.09791911935977438
0.0075248496685828,0.044341290499042674,0.0731664656573795,0.07757618473716632,0.07768530911623561
0.012956149629482994,0.019740311387808185,0.02531465466615823,0.03209144794861052,0.04354127968993371
0.03722062709696772,0.07448384359069182,0.10068358017557322,0.11395707455730653,0.118684824064206
0.035332852635479806,0.04877550653027751,0.05748278565203935,0.06652601796867841,0.08068871152787571
0.04686255346150747,0.07676512070205954,0.09922718241911177,0.11875517058220686,0.13818111879492068
0.026308954918214944,0.04109830468860487,0.05018013632492402,0.05618256807328115,0.06041470945874039
0.028115031347611064,0.06155859682935039,0.09138533009761418,0.11185558516970417,0.12277761698401568
-0.004687608894932249,-0.010057568951159834,-0.015194867858035699,-0.01940112322018306,-0.022393541908246495
0.05471335780437825,0.0857474972048996,0.10328589038963176,0.11299299879008406,0.11818817768460388
0.04449604064167956,0.07300822778482874,0.09405787387622466,0.11139577939057255,0.12706155950200582
0.06977935382175027,0.11382927369854434,0.14464790621602996,0.1677795542620487,0.186111739476701
0.031144296584281417,0.07824063823900007,0.12316431102329861,0.15187346322873996,0.1643604623072379
0.03107944867667589,0.06138391176885538,0.08401381922982798,0.0972517664614182,0.10328633473756288
0.006428871398886593,0.012840934349553246,0.017715691988961613,0.020650953349977796,0.022050344331345673
0.029157514452255895,0.053833206317705606,0.07260168132171119,0.08563893501231823,0.09394857904884435
0.037098231108455226,0.06560155210247087,0.08872928907995525,0.10803392002599543,0.12437632279444866
0.05354090563875613,0.10521295918773643,0.13912099028250868,0.15484074776165313,0.1598809114380213
0.02604983393629723,0.06442913827259256,0.09357398296107522,0.10595147898104884,0.10878719411010895
0.015649105015876352,0.036901449743957926,0.057761337005382773,0.07214650734155492,0.07891778898414614
0.011655724590791117,0.014919278675203373,0.016975401694163228,0.019684274882149966,0.026362451601969705
0.03231976861252461,0.07581190433521401,0.10324201826590973,0.11181294152566401,0.11305685401438836
0.083921473985478,0.14938967317395158,0.18571433966965667,0.20040695422606192,0.20452635634400618
0.05583479471113628,0.08954930706742192,0.10921945296053637,0.12015134720409837,0.12586299214008878
0.007143348428286456,0.03127819392673281,0.046660982258645345,0.048673106063153004,0.04872107195201825
0.0525343116934025,0.09021613898593428,0.11669543977409402,0.1349001074666295,0.14710517085455943
0.012942653158817707,0.017896745273347836,0.020786549576057967,0.023280584510964264,0.026407246802369833
0.058281883920845656,0.1039086208897746,0.13479715104305923,0.15314964196393765,0.16265499948746254
0.022031435009212008,0.06789266783669501,0.11333884401696925,0.13749747643918964,0.1444341187991648
0.016962902996059404,0.046374436387895845,0.07290399980482543,0.0866601559575979,0.09061675158083293
0.010006978451191362,0.01373596771257335,0.01652244304967687,0.020508734595409805,0.030359610483677302
0.007482907192197796,0.01146097256075862,0.014368872896775686,0.017262358460837568,0.021141363869495167
0.03127669850188397,0.054664144390572655,0.07217678506475045,0.08516513440062823,0.0946239847160445
0.04774842853977057,0.07836011048134073,0.10286270383437546,0.12654924653440558,0.15350419283299377
0.09453824069998029,0.11999702566761383,0.13174077834200515,0.14021184085276495,0.14942222579367315
0.05974427381592451,0.10360947870545745,0.1326697970551889,0.1500435592461722,0.1593289124511592
0.051846960945973075,0.09494730932056006,0.12505456219922062,0.1431646954959852,0.15252676864545822
0.047256452875989896,0.06648980333274968,0.07790415138941942,0.08709910623559325,0.09677606670195571
0.0549258835879457,0.0918485580015499,0.11249585580119059,0.12218217449093904,0.12588141079390436
0.01359598719993138,0.030547275238718585,0.047210772256685796,0.06046436062786453,0.06909809349452478
0.07475351143870901,0.12837328582516327,0.1597247259022796,0.1746182909721753,0.18019292543827914
0.009109202361945457,0.014403347643723419,0.018490795076328892,0.022504693038941537,0.027305477136817302
0.01781513582414218,0.030933816111162415,0.040800912233954545,0.048322619234336006,0.05410196453355309
0.04784735432312026,0.0879390927151309,0.11870243013793713,0.14054644395588056,0.1549514669719777
0.04907550941018102,0.08420258284844273,0.10451012947003169,0.1139575211545204,0.11738118335971237
0.017944272181359633,0.044228708946958184,0.062168298457659144,0.06808021467111547,0.06898371084812038
0.02206593122596412,0.04079226736194652,0.054255111235972486,0.0625737079045019,0.06698350783536566
0.013488760853750836,0.02885184562092924,0.043629863133320956,0.05518600160480791,0.06225799053520842
0.031895676108009696,0.06089878444976482,0.08342222007626621,0.09843640201926607,0.10698893702407997
-0.0006392044932157503,-0.001038275761228391,-0.0013622216446399493,-0.0016919650274187514,-0.0021024577907809983
0.006173223795530203,0.015098949643619797,0.02463518728618097,0.03246550430349715,0.037456969787103556
0.010678829185164052,0.020043287088422068,0.02867342502717074,0.03700030410703414,0.04532108769865295
0.00958775297826231,0.018153124353080363,0.025315538658481573,0.030957923356395134,0.03515692880326615
0.025887899184676377,0.053614299235957064,0.07850456715346044,0.09722039418588124,0.10888951644835665
0.025528456588903903,0.04409113950660848,0.05711126459850313,0.06590047558944279,0.07157996549333812
0.04551359174687608,0.06702808403046656,0.08072665089459741,0.09191054532955645,0.1033170909131681
-0.0012240345970835342,-0.001709565534622981,-0.0020398526926133087,-0.0023955242330613302,-0.002968257983719358
0.0290946149419401,0.06190054756445185,0.08864476353093265,0.10497733989307645,0.1124452190177837
0.02456895532280623,0.06122178376117948,0.09153727261978162,0.1060959287318134,0.10996940573479241
0.005353491209948991,0.01678155209911303,0.029427237164751485,0.03734375529359213,0.04020463185636203
0.037768111281037964,0.06737627042182404,0.08919592530081988,0.10437445727688965,0.1143307971055656
0.0077349797621674155,0.024062132850400486,0.042736951299361725,0.05552941535024647,0.06101157333263629
-0.008383227657828063,-0.016458439586170548,-0.024122530534452125,-0.031039906466627798,-0.03674962265803794
0.05468173405813037,0.07196316448350226,0.08151063019860716,0.09025747171019749,0.10294660703141467
0.05458869959400392,0.07713073564914497,0.09200766613901923,0.10678339103786638,0.12767720295358564
0.03963877684885131,0.06250215875249499,0.08037123491868181,0.09849243161695875,0.12142354860350124
0.022600919823641652,0.06141023397009937,0.08597229933979866,0.09214449682116121,0.09270204818532757
0.00690671145466204,0.011658871116222214,0.015521305281135711,0.01915203089070394,0.023033769974028395
